model,split,split_label,n_seeds,role,paper_table,auc_mean,auc_std,auc_fmt,pr_auc_mean,pr_auc_std,pr_auc_fmt,sensitivity_mean,sensitivity_std,sensitivity_fmt,specificity_mean,specificity_std,specificity_fmt,ppv_mean,ppv_std,ppv_fmt,npv_mean,npv_std,npv_fmt,youden_mean,youden_std,youden_fmt,adjusted_bal_acc_mean,adjusted_bal_acc_std,adjusted_bal_acc_fmt,adjusted_f1_mean,adjusted_f1_std,adjusted_f1_fmt,threshold_mean,threshold_std,threshold_fmt
Ours (R50),val,Val (Xiangya),5,final,main_cmp,0.7897435897435898,0.09001789580277927,0.7897±0.0900,0.9082116736165318,0.039220474479975405,0.9082±0.0392,0.8307692307692308,0.03440104580768905,0.8308±0.0344,0.7666666666666666,0.14907119849998599,0.7667±0.1491,0.8910256410256411,0.06814196033804262,0.8910±0.0681,0.6761904761904762,0.02129588549999802,0.6762±0.0213,0.5974358974358974,0.12013032589869209,0.5974±0.1201,0.7987179487179488,0.060065162949346045,0.7987±0.0601,0.8576053511705686,0.016108767780742165,0.8576±0.0161,0.4733134150505066,0.02513558924958965,0.4733±0.0251
Ours (R50),external,Ext pooled,5,final,main_cmp,0.563899466869764,0.03398965331816387,0.5639±0.0340,0.42140161030113843,0.024958241031592495,0.4214±0.0250,0.4158415841584159,0.1309777876764649,0.4158±0.1310,0.7252747252747253,0.10227753004937519,0.7253±0.1023,0.46088822287885184,0.0243887710644629,0.4609±0.0244,0.6930027613219739,0.017454460259083666,0.6930±0.0175,0.14111630943314113,0.043407141913471246,0.1411±0.0434,0.5705581547165706,0.021703570956735623,0.5706±0.0217,0.4246694189613466,0.08685467533308362,0.4247±0.0869,0.4849720776081085,0.034491989922442144,0.4850±0.0345
Ours (R50),external_huaxi,Huaxi,5,final,main_cmp,0.5470454545454546,0.014521464591572626,0.5470±0.0145,0.4278504398593185,0.015968620438521455,0.4279±0.0160,0.59375,0.18619336387207788,0.5938±0.1862,0.5672727272727273,0.19429890919843706,0.5673±0.1943,0.4576152557582548,0.05387211887620724,0.4576±0.0539,0.7159361646756606,0.038931899760445574,0.7159±0.0389,0.16102272727272732,0.03738057775068768,0.1610±0.0374,0.5805113636363636,0.01869028887534384,0.5805±0.0187,0.4998929606206744,0.04958226950786807,0.4999±0.0496,0.4764805942773819,0.02850954275177325,0.4765±0.0285
Ours (R50),external_liaoning,Liaoning,5,final,main_cmp,0.5762638365856442,0.04026153690215936,0.5763±0.0403,0.42760288042318273,0.03306544467385269,0.4276±0.0331,0.44927536231884063,0.1122603868465918,0.4493±0.1123,0.7275590551181101,0.08250826392081721,0.7276±0.0825,0.4747170071308002,0.0326573864058426,0.4747±0.0327,0.7102444684141541,0.02170277143103717,0.7102±0.0217,0.17683441743695077,0.05508482220787674,0.1768±0.0551,0.5884172087184754,0.02754241110393837,0.5884±0.0275,0.45448409233427184,0.06929503709382294,0.4545±0.0693,0.4846114099025726,0.033756765238069295,0.4846±0.0338
Baseline (12×page1),val,Val (Xiangya),5,baseline,main_cmp,0.7282051282051283,0.05317036244443001,0.7282±0.0532,0.8808315645086303,0.01911295157497959,0.8808±0.0191,0.676923076923077,0.18365132902020495,0.6769±0.1837,0.8333333333333334,0.2041241452319315,0.8333±0.2041,0.9218181818181819,0.0832203090279695,0.9218±0.0832,0.5784188034188034,0.11395521713125967,0.5784±0.1140,0.5102564102564102,0.0698688543253267,0.5103±0.0699,0.7551282051282051,0.03493442716266335,0.7551±0.0349,0.760932766699357,0.09409208532227033,0.7609±0.0941,0.5042329668998718,0.014866459495415301,0.5042±0.0149
Baseline (12×page1),external,Ext pooled,5,baseline,main_cmp,0.50995539114351,0.027751998500566408,0.5100±0.0278,0.37406030731990575,0.020373046516851154,0.3741±0.0204,0.6237623762376239,0.2418153414221745,0.6238±0.2418,0.45274725274725275,0.24933797140149108,0.4527±0.2493,0.3915440925851776,0.016154959751670524,0.3915±0.0162,0.6998725043805782,0.033612124372405947,0.6999±0.0336,0.07650962898487652,0.039842156585262474,0.0765±0.0398,0.5382548144924383,0.019921078292631237,0.5383±0.0199,0.4635883561516779,0.07903928873452806,0.4636±0.0790,0.5090885698795319,0.025089552720981373,0.5091±0.0251
Baseline (12×page1),external_huaxi,Huaxi,5,baseline,main_cmp,0.47112299708851235,0.0645027289676287,0.4711±0.0645,0.33819016674145075,0.06092455919181148,0.3382±0.0609,0.8406593406593407,0.19890565230657092,0.8407±0.1989,0.2535533347871571,0.22220014847616543,0.2536±0.2222,0.3711926975291268,0.056767094176091486,0.3712±0.0568,0.8244897959183675,0.11394811653178473,0.8245±0.1139,0.09421267544649772,0.05546168736431284,0.0942±0.0555,0.5471063377232489,0.02773084368215642,0.5471±0.0277,0.5042437762182953,0.060674669011975595,0.5042±0.0607,0.49758983850479127,0.03681839290717792,0.4976±0.0368
Baseline (12×page1),external_liaoning,Liaoning,5,baseline,main_cmp,0.5257987898977838,0.04669829892922742,0.5258±0.0467,0.4039307067164494,0.039587845772698346,0.4039±0.0396,0.5013350405463081,0.2038125165744848,0.5013±0.2038,0.617881770754498,0.1602198785031037,0.6179±0.1602,0.4327447853994245,0.013218173263374908,0.4327±0.0132,0.6912476017866623,0.04096210321313742,0.6912±0.0410,0.11921681130080622,0.056298594363625824,0.1192±0.0563,0.5596084056504032,0.028149297181812912,0.5596±0.0281,0.4459765980479684,0.10374267835435476,0.4460±0.1037,0.5193255245685577,0.01431387114104942,0.5193±0.0143
ABMIL,val,Val (Xiangya),5,comparison,main_cmp,0.7282051282051283,0.021066252211737142,0.7282±0.0211,0.8830271730730173,0.012691796294431396,0.8830±0.0127,0.7076923076923076,0.14796449278208726,0.7077±0.1480,0.8333333333333334,0.11785113019775793,0.8333±0.1179,0.912867132867133,0.0553102205725121,0.9129±0.0553,0.5867521367521368,0.0805664652885824,0.5868±0.0806,0.5410256410256411,0.06108271410036716,0.5410±0.0611,0.7705128205128204,0.03054135705018358,0.7705±0.0305,0.7854016311682216,0.089379732477111,0.7854±0.0894,0.482438737154007,0.04406665701575536,0.4824±0.0441
ABMIL,external,Ext pooled,5,comparison,main_cmp,0.5263409857469263,0.013636085990068875,0.5263±0.0136,0.3937310614858202,0.02830657820584532,0.3937±0.0283,0.4455445544554456,0.09548169070290055,0.4455±0.0955,0.6549450549450551,0.09923630617485253,0.6549±0.0992,0.42303810794376834,0.030336360315337704,0.4230±0.0303,0.6809401085643377,0.008409367109216205,0.6809±0.0084,0.10048960940050056,0.01666850134069511,0.1005±0.0167,0.5502448047002503,0.008334250670347555,0.5502±0.0083,0.42691377262725394,0.03951470283360564,0.4269±0.0395,0.517556881904602,0.030823281033139416,0.5176±0.0308
ABMIL,external_huaxi,Huaxi,5,comparison,main_cmp,0.5277272727272727,0.019540003203853643,0.5277±0.0195,0.4116703398004701,0.030333650407829645,0.4117±0.0303,0.69375,0.2373766126854118,0.6937±0.2374,0.44727272727272727,0.2103126362315819,0.4473±0.2103,0.4253579464572715,0.012469589367325758,0.4254±0.0125,0.7456291629783072,0.06926348598467426,0.7456±0.0693,0.14102272727272727,0.03125361549333067,0.1410±0.0313,0.5705113636363637,0.015626807746665337,0.5705±0.0156,0.5123335058363521,0.07002931904298737,0.5123±0.0700,0.4896853297948837,0.02829059958253174,0.4897±0.0283
ABMIL,external_liaoning,Liaoning,5,comparison,main_cmp,0.5360949446536574,0.02131536108054479,0.5361±0.0213,0.3988227573758762,0.03940277232924046,0.3988±0.0394,0.527536231884058,0.10380292509837671,0.5275±0.1038,0.6031496062992125,0.11607164574198942,0.6031±0.1161,0.4252279496088683,0.030038929322805115,0.4252±0.0300,0.7022835918638304,0.00771377985365278,0.7023±0.0077,0.13068583818327056,0.018136287311882757,0.1307±0.0181,0.5653429190916353,0.009068143655941378,0.5653±0.0091,0.46401854279875615,0.029998948311172217,0.4640±0.0300,0.517352744936943,0.03764514293741559,0.5174±0.0376
DSMIL,val,Val (Xiangya),5,comparison,main_cmp,0.7666666666666668,0.05079900706707428,0.7667±0.0508,0.8993041821637915,0.021845620240349348,0.8993±0.0218,0.7538461538461538,0.10029542161850227,0.7538±0.1003,0.8333333333333334,0.11785113019775793,0.8333±0.1179,0.9143822843822843,0.05528467276206877,0.9144±0.0553,0.6213924963924964,0.0720988725263285,0.6214±0.0721,0.5871794871794871,0.06868253967168658,0.5872±0.0687,0.7935897435897437,0.03434126983584329,0.7936±0.0343,0.820800127408823,0.04804104171757531,0.8208±0.0480,0.5013652443885803,0.02611525803381786,0.5014±0.0261
DSMIL,external,Ext pooled,5,comparison,main_cmp,0.5381460124034382,0.02679601849807223,0.5381±0.0268,0.39753335715905774,0.03932092415172156,0.3975±0.0393,0.4673267326732673,0.15955653669811756,0.4673±0.1596,0.6637362637362638,0.16703658180009975,0.6637±0.1670,0.4556742610882405,0.06903335154440318,0.4557±0.0690,0.6944703753323842,0.016717317719864455,0.6945±0.0167,0.13106299640953106,0.02654688476933776,0.1311±0.0265,0.5655314982047654,0.01327344238466888,0.5655±0.0133,0.4409663897984403,0.05629627542178955,0.4410±0.0563,0.5133647859096527,0.02701278469598016,0.5134±0.0270
DSMIL,external_huaxi,Huaxi,5,comparison,main_cmp,0.5390909090909092,0.023372931030546412,0.5391±0.0234,0.42160591962171134,0.031159490161556648,0.4216±0.0312,0.66875,0.21263782295255002,0.6687±0.2126,0.47999999999999987,0.22364375449723567,0.4800±0.2236,0.44311017282010995,0.05174750437941263,0.4431±0.0517,0.7250120964954725,0.03422511259375121,0.7250±0.0342,0.14875,0.04589523587061988,0.1487±0.0459,0.574375,0.02294761793530994,0.5744±0.0229,0.5104897613147255,0.06846338362384585,0.5105±0.0685,0.5012737393379212,0.023387374440634417,0.5013±0.0234
DSMIL,external_liaoning,Liaoning,5,comparison,main_cmp,0.5452242382745635,0.0371744174862153,0.5452±0.0372,0.40054597029911854,0.049152622227591425,0.4005±0.0492,0.5739130434782609,0.16479733022840382,0.5739±0.1648,0.5874015748031496,0.1926802383519091,0.5874±0.1927,0.4541671585357429,0.08047447788634099,0.4542±0.0805,0.720431310515387,0.019737726959010857,0.7204±0.0197,0.16131461828141047,0.03985486620458732,0.1613±0.0399,0.5806573091407052,0.01992743310229366,0.5807±0.0199,0.4852023711432226,0.04007740019312015,0.4852±0.0401,0.5126147329807281,0.02758785965976582,0.5126±0.0276
UBIX,val,Val (Xiangya),5,comparison,main_cmp,0.7461538461538462,0.045688537644116546,0.7462±0.0457,0.8945571400894096,0.015594135861762386,0.8946±0.0156,0.6,0.15764539639937847,0.6000±0.1576,0.9333333333333333,0.09128709291752765,0.9333±0.0913,0.9636363636363636,0.04979295977319694,0.9636±0.0498,0.5346153846153847,0.08399026077662482,0.5346±0.0840,0.5333333333333334,0.07057107151037373,0.5333±0.0706,0.7666666666666666,0.035285535755186864,0.7667±0.0353,0.7259649122807018,0.10191608446812934,0.7260±0.1019,0.527678382396698,0.03382444368577802,0.5277±0.0338
UBIX,external,Ext pooled,5,comparison,main_cmp,0.5457512784245457,0.020939915332026434,0.5458±0.0209,0.40889943664203904,0.03018274422894066,0.4089±0.0302,0.5801980198019802,0.1531616285572454,0.5802±0.1532,0.5494505494505495,0.16899512636516156,0.5495±0.1690,0.4247030246099756,0.03034103466028162,0.4247±0.0303,0.7052038008248955,0.013714912383956784,0.7052±0.0137,0.1296485692525296,0.023546742883742224,0.1296±0.0235,0.5648242846262648,0.011773371441871112,0.5648±0.0118,0.4792871715222705,0.04011991935010447,0.4793±0.0401,0.5255971670150756,0.020063528239657378,0.5256±0.0201
UBIX,external_huaxi,Huaxi,5,comparison,main_cmp,0.5228409090909091,0.0247188477876784,0.5228±0.0247,0.4284447193555122,0.02968047936580006,0.4284±0.0297,0.61875,0.357262814675695,0.6188±0.3573,0.509090909090909,0.34593268346255357,0.5091±0.3459,0.4598196656284892,0.07123019557909303,0.4598±0.0712,0.7482362031561116,0.09718020678904032,0.7482±0.0972,0.1278409090909091,0.020763916721160874,0.1278±0.0208,0.5639204545454546,0.010381958360580437,0.5639±0.0104,0.4627183486522827,0.13147524734324798,0.4627±0.1315,0.515348282456398,0.028152222958002696,0.5153±0.0282
UBIX,external_liaoning,Liaoning,5,comparison,main_cmp,0.5590322948761839,0.02497989673415656,0.5590±0.0250,0.41127122648603487,0.03305129624515485,0.4113±0.0331,0.6521739130434783,0.10600535390092602,0.6522±0.1060,0.510236220472441,0.11099290355175541,0.5102±0.1110,0.42247272163719163,0.018463035474455537,0.4225±0.0185,0.7333031980362398,0.02130070516841257,0.7333±0.0213,0.1624101335159192,0.01663913943686223,0.1624±0.0166,0.5812050667579596,0.008319569718431116,0.5812±0.0083,0.5087673165162961,0.021885810355785344,0.5088±0.0219,0.5239719092845917,0.01789773176403766,0.5240±0.0179
WMA loss,val,Val (Xiangya),5,comparison,main_cmp,0.7974358974358975,0.04915458849405337,0.7974±0.0492,0.9128687652217062,0.022733114988441876,0.9129±0.0227,0.676923076923077,0.16676525683599078,0.6769±0.1668,0.9,0.14907119849998599,0.9000±0.1491,0.9514285714285714,0.06821335077893328,0.9514±0.0682,0.5925097125097125,0.12633446763774117,0.5925±0.1263,0.576923076923077,0.08789300769744926,0.5769±0.0879,0.7884615384615385,0.04394650384872463,0.7885±0.0439,0.7766326223992127,0.09436762819233849,0.7766±0.0944,0.3802998781204224,0.020662837802310582,0.3803±0.0207
WMA loss,external,Ext pooled,5,comparison,main_cmp,0.5491241431835492,0.019659148054029518,0.5491±0.0197,0.41165080619097116,0.018413165207988462,0.4117±0.0184,0.4,0.2197930602061245,0.4000±0.2198,0.7296703296703297,0.20241865625945607,0.7297±0.2024,0.47493246501805136,0.06355195762194603,0.4749±0.0636,0.6941762233440686,0.032059107788172767,0.6942±0.0321,0.1296703296703297,0.03370889071474688,0.1297±0.0337,0.5648351648351648,0.01685444535737344,0.5648±0.0169,0.40267445569600113,0.09080128221597111,0.4027±0.0908,0.38890946805477145,0.03641786081186789,0.3889±0.0364
WMA loss,external_huaxi,Huaxi,5,comparison,main_cmp,0.5434090909090908,0.01586133253654027,0.5434±0.0159,0.4521138891810324,0.020433647393753026,0.4521±0.0204,0.44375,0.3016879596536792,0.4437±0.3017,0.6799999999999999,0.3202788041639569,0.6800±0.3203,0.4964695184053543,0.09065082860100802,0.4965±0.0907,0.7122605363984674,0.09115193866427629,0.7123±0.0912,0.12374999999999999,0.029442565605284604,0.1237±0.0294,0.5618749999999999,0.014721282802642302,0.5619±0.0147,0.4157611502396993,0.08891244773534668,0.4158±0.0889,0.377345135807991,0.023528105518136718,0.3773±0.0235
WMA loss,external_liaoning,Liaoning,5,comparison,main_cmp,0.5591692342804976,0.016363041212710445,0.5592±0.0164,0.41250600142062943,0.023222185048027963,0.4125±0.0232,0.4695652173913044,0.18434873757864167,0.4696±0.1843,0.6913385826771653,0.16360150833933976,0.6913±0.1636,0.4683643497884984,0.054169968126521785,0.4684±0.0542,0.7118466150600444,0.029990638680921854,0.7118±0.0300,0.16090380006846972,0.03386790295036547,0.1609±0.0339,0.580451900034235,0.016933951475182736,0.5805±0.0169,0.4477487515697596,0.07150121611294162,0.4477±0.0715,0.38726542592048646,0.03726356613235823,0.3873±0.0373
w/o Mean (→Max),val,Val (Xiangya),5,ablation,main_ablation,0.7153846153846154,0.0419369929071696,0.7154±0.0419,0.8751386789628036,0.027007861040404584,0.8751±0.0270,0.7076923076923076,0.1479644927820873,0.7077±0.1480,0.8666666666666666,0.13944333775567927,0.8667±0.1394,0.9310245310245311,0.06563198245832544,0.9310±0.0656,0.605,0.12298373876248844,0.6050±0.1230,0.5743589743589743,0.08946844267880971,0.5744±0.0895,0.7871794871794873,0.044734221339404856,0.7872±0.0447,0.7935353535353535,0.07813965401796935,0.7935±0.0781,0.5065962076187134,0.01553318425825787,0.5066±0.0155
w/o Mean (→Max),external,Ext pooled,5,ablation,main_ablation,0.544108366880644,0.035059846175688254,0.5441±0.0351,0.3933164119930296,0.015266116102647012,0.3933±0.0153,0.6257425742574259,0.11426960828715652,0.6257±0.1143,0.4989010989010989,0.11148566931234477,0.4989±0.1115,0.41086319485874656,0.02648286913435595,0.4109±0.0265,0.7102456716723865,0.03413754552067478,0.7102±0.0341,0.12464367315852462,0.05424762666973672,0.1246±0.0542,0.5623218365792624,0.02712381333486836,0.5623±0.0271,0.492618993284507,0.037341111329623825,0.4926±0.0373,0.5027304828166962,0.01840887050509216,0.5027±0.0184
w/o Mean (→Max),external_huaxi,Huaxi,5,ablation,main_ablation,0.5251136363636364,0.04651705621162027,0.5251±0.0465,0.42349668877568625,0.050828770470184984,0.4235±0.0508,0.65,0.25712503038405266,0.6500±0.2571,0.4836363636363636,0.31217710591032366,0.4836±0.3122,0.47802278366794493,0.14365040582769864,0.4780±0.1437,0.7185785118825432,0.03767258234933156,0.7186±0.0377,0.13363636363636355,0.06605513795307676,0.1336±0.0661,0.5668181818181818,0.03302756897653838,0.5668±0.0330,0.4965974733083881,0.07104860888507805,0.4966±0.0710,0.49712452590465545,0.03125975986260764,0.4971±0.0313
w/o Mean (→Max),external_liaoning,Liaoning,5,ablation,main_ablation,0.5544448248316787,0.030442785092289964,0.5544±0.0304,0.3942598231618607,0.021920640061005445,0.3943±0.0219,0.6753623188405797,0.10278622160288198,0.6754±0.1028,0.4881889763779528,0.10666312743420527,0.4882±0.1067,0.4197748798901853,0.02542841366971955,0.4198±0.0254,0.7393756742179073,0.03682997516356276,0.7394±0.0368,0.16355129521853243,0.04504174058405026,0.1636±0.0450,0.5817756476092663,0.02252087029202513,0.5818±0.0225,0.5146531382694529,0.02697581291554025,0.5147±0.0270,0.5033919453620911,0.01790752295325094,0.5034±0.0179
w/o EMA,val,Val (Xiangya),5,ablation,main_ablation,0.7538461538461539,0.04193699290716957,0.7538±0.0419,0.888566044510912,0.021675442385526177,0.8886±0.0217,0.7692307692307692,0.07692307692307693,0.7692±0.0769,0.7666666666666667,0.09128709291752773,0.7667±0.0913,0.8792307692307693,0.03696222995342027,0.8792±0.0370,0.6126984126984126,0.07325702069342428,0.6127±0.0733,0.5358974358974359,0.08854511102477954,0.5359±0.0885,0.767948717948718,0.04427255551238977,0.7679±0.0443,0.8182742474916388,0.04320113378634289,0.8183±0.0432,0.46776817440986634,0.017207473291813966,0.4678±0.0172
w/o EMA,external,Ext pooled,5,ablation,main_ablation,0.5471439451637471,0.029048975993455725,0.5471±0.0290,0.4139137852630685,0.035148320321438435,0.4139±0.0351,0.4673267326732673,0.2078500586898233,0.4673±0.2079,0.6593406593406593,0.19913318982879255,0.6593±0.1991,0.4618839259943554,0.07241866446000898,0.4619±0.0724,0.6949301671339586,0.01985423049787363,0.6949±0.0199,0.12666739201392668,0.030008342996923038,0.1267±0.0300,0.5633336960069634,0.015004171498461519,0.5633±0.0150,0.42727455558058763,0.10634629823910584,0.4273±0.1063,0.48719390034675597,0.013425568672413431,0.4872±0.0134
w/o EMA,external_huaxi,Huaxi,5,ablation,main_ablation,0.52125,0.019577965825584853,0.5212±0.0196,0.4309661586451341,0.027399919287076333,0.4310±0.0274,0.48125,0.28777161083053343,0.4813±0.2878,0.6618181818181819,0.30167576048269096,0.6618±0.3017,0.509090909090909,0.12036568641091691,0.5091±0.1204,0.7225869728551235,0.09930861085243074,0.7226±0.0993,0.14306818181818176,0.029431598805781264,0.1431±0.0294,0.5715340909090909,0.01471579940289063,0.5715±0.0147,0.4412624246445963,0.08419057400280708,0.4413±0.0842,0.4869409888982773,0.02164010000922496,0.4869±0.0216
w/o EMA,external_liaoning,Liaoning,5,ablation,main_ablation,0.5607668606641562,0.03698939722214184,0.5608±0.0370,0.4205187215939919,0.04115256733730847,0.4205±0.0412,0.6144927536231883,0.1902363689635989,0.6145±0.1902,0.5401574803149607,0.17769823621332403,0.5402±0.1777,0.4291059167420344,0.0356871803179012,0.4291±0.0357,0.7344219522279033,0.054732207573546486,0.7344±0.0547,0.15465023393814903,0.028740107071599182,0.1547±0.0287,0.5773251169690745,0.014370053535799591,0.5773±0.0144,0.49039297346896704,0.05509161239972703,0.4904±0.0551,0.48494231402873994,0.017023805854105296,0.4849±0.0170
w/o UWA (equal),val,Val (Xiangya),5,ablation,main_ablation,0.7564102564102564,0.042520830645582076,0.7564±0.0425,0.8971268609932576,0.011755568668719352,0.8971±0.0118,0.723076923076923,0.17709022204955907,0.7231±0.1771,0.8333333333333334,0.16666666666666669,0.8333±0.1667,0.9224775224775226,0.0746535205505453,0.9225±0.0747,0.6183333333333334,0.125885750671878,0.6183±0.1259,0.5564102564102564,0.03803178711331119,0.5564±0.0380,0.7782051282051281,0.019015893556655592,0.7782±0.0190,0.7936752136752137,0.0879524140992364,0.7937±0.0880,0.4856006860733032,0.026900960727657783,0.4856±0.0269
w/o UWA (equal),external,Ext pooled,5,ablation,main_ablation,0.5350777934936352,0.033256115374498435,0.5351±0.0333,0.3828371151447992,0.02722936044389765,0.3828±0.0272,0.5960396039603961,0.11011930862098442,0.5960±0.1101,0.5296703296703298,0.08915671154016101,0.5297±0.0892,0.4134466691040955,0.017449618869646626,0.4134±0.0174,0.7063155646304586,0.031026752886270808,0.7063±0.0310,0.12570993363072575,0.04094811465624131,0.1257±0.0409,0.5628549668153628,0.020474057328120656,0.5629±0.0205,0.48483807979248283,0.03837267554065098,0.4848±0.0384,0.49076313376426695,0.02167947858930313,0.4908±0.0217
w/o UWA (equal),external_huaxi,Huaxi,5,ablation,main_ablation,0.5340909090909091,0.02606214759359027,0.5341±0.0261,0.4175561381016317,0.02180317741577374,0.4176±0.0218,0.7375,0.28692197327845076,0.7375±0.2869,0.4036363636363636,0.28673136562479146,0.4036±0.2867,0.44325468325468337,0.0725654809687484,0.4433±0.0726,0.7701988583535724,0.09363354967108331,0.7702±0.0936,0.14113636363636362,0.031880519292046994,0.1411±0.0319,0.5705681818181818,0.015940259646023497,0.5706±0.0159,0.5131309367900775,0.09424234897629974,0.5131±0.0942,0.481639102101326,0.031648703045984515,0.4816±0.0316
w/o UWA (equal),external_liaoning,Liaoning,5,ablation,main_ablation,0.5398836015063335,0.037445669812131904,0.5399±0.0374,0.3809762177315502,0.03347678925696251,0.3810±0.0335,0.6579710144927536,0.06366922503330089,0.6580±0.0637,0.5039370078740157,0.06516907620963326,0.5039±0.0652,0.41973663802344685,0.015929524953188754,0.4197±0.0159,0.7316054102698898,0.019386759034302595,0.7316±0.0194,0.16190802236676943,0.03158075068191427,0.1619±0.0316,0.5809540111833847,0.015790375340957136,0.5810±0.0158,0.5111712259418413,0.01942497835038031,0.5112±0.0194,0.49073871970176697,0.021620194344086137,0.4907±0.0216
w/o FrameAux,val,Val (Xiangya),5,ablation,main_ablation,0.7410256410256411,0.022934030538459386,0.7410±0.0229,0.8908062630127407,0.008913285530170347,0.8908±0.0089,0.6307692307692307,0.15764539639937844,0.6308±0.1576,0.9,0.09128709291752767,0.9000±0.0913,0.9436363636363636,0.05158640348767676,0.9436±0.0516,0.5457264957264958,0.08191525739692371,0.5457±0.0819,0.5307692307692309,0.07057107151037374,0.5308±0.0706,0.7653846153846153,0.03528553575518687,0.7654±0.0353,0.7424866514111366,0.1033405236326468,0.7425±0.1033,0.525825971364975,0.03027703067863516,0.5258±0.0303
w/o FrameAux,external,Ext pooled,5,ablation,main_ablation,0.518975084321619,0.018476760374806746,0.5190±0.0185,0.366317325881518,0.020891171474768294,0.3663±0.0209,0.49504950495049505,0.141241016016704,0.4950±0.1412,0.6197802197802198,0.13331396027191314,0.6198±0.1333,0.42673354482433173,0.03156979134995178,0.4267±0.0316,0.6912787770755685,0.01672895931925196,0.6913±0.0167,0.11482972473071484,0.016325362799172943,0.1148±0.0163,0.5574148623653574,0.008162681399586471,0.5574±0.0082,0.4460060453606431,0.058270490214943384,0.4460±0.0583,0.5337829172611237,0.025602666081826316,0.5338±0.0256
w/o FrameAux,external_huaxi,Huaxi,5,ablation,main_ablation,0.5128409090909091,0.015132208343095298,0.5128±0.0151,0.4185747684560145,0.03068446034790687,0.4186±0.0307,0.65625,0.3194538796915761,0.6562±0.3195,0.4618181818181818,0.32336045440201,0.4618±0.3234,0.4410194805194805,0.07000001355323579,0.4410±0.0700,0.7458650540468964,0.09550441746965602,0.7459±0.0955,0.11806818181818182,0.025433356643693013,0.1181±0.0254,0.5590340909090908,0.012716678321846506,0.5590±0.0127,0.4829748667600369,0.09436503892266314,0.4830±0.0944,0.521790373325348,0.02221193558670863,0.5218±0.0222
w/o FrameAux,external_liaoning,Liaoning,5,ablation,main_ablation,0.5214994864772338,0.02100552932983874,0.5215±0.0210,0.36057532986781304,0.021038476917674312,0.3606±0.0210,0.6289855072463768,0.10580702752721148,0.6290±0.1058,0.5102362204724409,0.08828032389400922,0.5102±0.0883,0.41141774891774896,0.007294163548595071,0.4114±0.0073,0.7210663179413179,0.02774958004717299,0.7211±0.0277,0.13922172771881777,0.022902976066282558,0.1392±0.0229,0.5696108638594088,0.01145148803314128,0.5696±0.0115,0.49459237678005297,0.031068994249543583,0.4946±0.0311,0.5265648126602173,0.020493060509774418,0.5266±0.0205
Ours-ConvNeXt-T,val,Val (Xiangya),5,variant,appendix,0.8564102564102566,0.09481980557487485,0.8564±0.0948,0.9383540594120493,0.036435449345960866,0.9384±0.0364,0.8,0.1595110873332902,0.8000±0.1595,0.9,0.09128709291752765,0.9000±0.0913,0.9497668997668998,0.04612278510273403,0.9498±0.0461,0.705952380952381,0.1484280825572101,0.7060±0.1484,0.7,0.14912631819072156,0.7000±0.1491,0.85,0.07456315909536078,0.8500±0.0746,0.8592820512820513,0.10085538171579538,0.8593±0.1009,0.4808564126491547,0.022739680786788705,0.4809±0.0227
Ours-ConvNeXt-T,external,Ext pooled,5,variant,appendix,0.5212055271461212,0.04395965259007589,0.5212±0.0440,0.3882104318022261,0.031098500515971596,0.3882±0.0311,0.4811881188118813,0.2870945694960702,0.4812±0.2871,0.631868131868132,0.2293585875246352,0.6319±0.2294,0.4346678301151708,0.03756563323984897,0.4347±0.0376,0.7010912215410687,0.04395276311975796,0.7011±0.0440,0.11305625068001302,0.062191118463961435,0.1131±0.0622,0.5565281253400065,0.031095559231980718,0.5565±0.0311,0.4059353629684276,0.16859456640846715,0.4059±0.1686,0.5688182830810546,0.09453831092718129,0.5688±0.0945
Ours-ConvNeXt-T,external_huaxi,Huaxi,5,variant,appendix,0.5157954545454546,0.022859699417053098,0.5158±0.0229,0.4091571673931492,0.019648511260722163,0.4092±0.0196,0.69375,0.27457353295611,0.6937±0.2746,0.44727272727272727,0.25700114158668536,0.4473±0.2570,0.4389163038219642,0.05604328877171019,0.4389±0.0560,0.7514037433155081,0.09033946581493676,0.7514±0.0903,0.14102272727272722,0.06366983697557166,0.1410±0.0637,0.5705113636363637,0.03183491848778583,0.5705±0.0318,0.5045011050113006,0.09872856479024998,0.5045±0.0987,0.5213761895895004,0.05964465411133837,0.5214±0.0596
Ours-ConvNeXt-T,external_liaoning,Liaoning,5,variant,appendix,0.5224808855414812,0.0611199698831602,0.5225±0.0611,0.38527521676934046,0.05019289117614437,0.3853±0.0502,0.6985507246376812,0.23220087053327884,0.6986±0.2322,0.4283464566929133,0.2594007220064531,0.4283±0.2594,0.4066992013385885,0.029313905006773992,0.4067±0.0293,0.7852750947577674,0.12533804218052907,0.7853±0.1253,0.1268971813305945,0.06958246933249436,0.1269±0.0696,0.5634485906652972,0.03479123466624718,0.5634±0.0348,0.49893937722733483,0.060346009519483504,0.4989±0.0603,0.5688367903232574,0.09443167479755624,0.5688±0.0944
